tan,rad,n,a1,midpoint,result
2,2,2,1.0,-0.16,16.09024928307295
2,2,2,1.0,-0.08,7.599243775867381
2,2,2,1.0,0.0,2.9220136104632255
2,2,2,1.0,0.07999999999999999,5.812709596017499
2,2,2,1.0,0.16,2.9922371052324994
2,2,2,2.25,-0.16,11.740029574029641
2,2,2,2.25,-0.08,7.152791226067027
2,2,2,2.25,0.0,4.767308507121206
2,2,2,2.25,0.07999999999999999,6.882865436048175
2,2,2,2.25,0.16,9.018292607997957
2,2,2,3.5,-0.16,10.124859010113816
2,2,2,3.5,-0.08,6.573126066287786
2,2,2,3.5,0.0,4.774149149342534
2,2,2,3.5,0.07999999999999999,6.3028129579837
2,2,2,3.5,0.16,8.629236256347742
2,2,2,4.75,-0.16,8.517922606091542
2,2,2,4.75,-0.08,5.558048330691576
2,2,2,4.75,0.0,4.062575584415235
2,2,2,4.75,0.07999999999999999,5.328024634407475
2,2,2,4.75,0.16,7.245218236604012
2,2,2,6.0,-0.16,7.082269097033633
2,2,2,6.0,-0.08,4.559844287110754
2,2,2,6.0,0.0,3.2771917394986168
2,2,2,6.0,0.07999999999999999,4.3742891530123265
2,2,2,6.0,0.16,6.055606045517721
2,2,10,1.0,-0.16,24.763366993530767
2,2,10,1.0,-0.08,14.808618780775292
2,2,10,1.0,0.0,6.484546724512804
2,2,10,1.0,0.07999999999999999,6.781850864920323
2,2,10,1.0,0.16,3.810682706459158
2,2,10,2.25,-0.16,29.772728571219908
2,2,10,2.25,-0.08,21.61833379910689
2,2,10,2.25,0.0,14.568891250430799
2,2,10,2.25,0.07999999999999999,11.060553757165772
2,2,10,2.25,0.16,6.59404612925604
2,2,10,3.5,-0.16,32.341129184386546
2,2,10,3.5,-0.08,26.03269123904724
2,2,10,3.5,0.0,21.247908177900893
2,2,10,3.5,0.07999999999999999,18.801641213425555
2,2,10,3.5,0.16,9.42091770504943
2,2,10,4.75,-0.16,34.49363711024551
2,2,10,4.75,-0.08,27.81094517562197
2,2,10,4.75,0.0,23.513830301584417
2,2,10,4.75,0.07999999999999999,21.54445464292606
2,2,10,4.75,0.16,12.425548100615067
2,2,10,6.0,-0.16,36.59131959115908
2,2,10,6.0,-0.08,29.02715115892623
2,2,10,6.0,0.0,24.451778516865083
2,2,10,6.0,0.07999999999999999,21.252491824495817
2,2,10,6.0,0.16,13.041770175320934
2,2,20,1.0,-0.16,25.27643939880788
2,2,20,1.0,-0.08,14.78949088250966
2,2,20,1.0,0.0,6.484852073926981
2,2,20,1.0,0.07999999999999999,5.340877618865202
2,2,20,1.0,0.16,4.068296238549847
2,2,20,2.25,-0.16,29.42834195035306
2,2,20,2.25,-0.08,21.615903402317503
2,2,20,2.25,0.0,14.586121992405145
2,2,20,2.25,0.07999999999999999,10.88915153294664
2,2,20,2.25,0.16,5.004296805394808
2,2,20,3.5,-0.16,31.71842407629575
2,2,20,3.5,-0.08,25.881124470240408
2,2,20,3.5,0.0,21.27912762230618
2,2,20,3.5,0.07999999999999999,19.082965557436655
2,2,20,3.5,0.16,9.221735194545664
2,2,20,4.75,-0.16,33.571128869314066
2,2,20,4.75,-0.08,27.54651304834991
2,2,20,4.75,0.0,23.52560198859168
2,2,20,4.75,0.07999999999999999,22.350228860214976
2,2,20,4.75,0.16,12.48256293299199
2,2,20,6.0,-0.16,35.37694026125134
2,2,20,6.0,-0.08,28.648092685334476
2,2,20,6.0,0.0,24.453754800615876
2,2,20,6.0,0.07999999999999999,22.404597208153625
2,2,20,6.0,0.16,13.341418846763665
2,10,2,1.0,-0.16,316.8522591157451
2,10,2,1.0,-0.08,116.31638321870842
2,10,2,1.0,0.0,2.922013610462973
2,10,2,1.0,0.07999999999999999,116.18712939828237
2,10,2,1.0,0.16,84.28394358151333
2,10,2,2.25,-0.16,145.41203394410573
2,10,2,2.25,-0.08,55.4715198673298
2,10,2,2.25,0.0,4.767308507121235
2,10,2,2.25,0.07999999999999999,55.20159407731105
2,10,2,2.25,0.16,144.09940525768198
2,10,2,3.5,-0.16,96.05686181942598
2,10,2,3.5,-0.08,37.63516590709959
2,10,2,3.5,0.0,4.774149149342525
2,10,2,3.5,0.07999999999999999,37.36485279879778
2,10,2,3.5,0.16,94.56123906568259
2,10,2,4.75,-0.16,71.83624046560159
2,10,2,4.75,-0.08,28.445867160763456
2,10,2,4.75,0.0,4.0625755844152325
2,10,2,4.75,0.07999999999999999,28.21584346447987
2,10,2,4.75,0.16,70.56353609611399
2,10,2,6.0,-0.16,57.20927073581238
2,10,2,6.0,-0.08,22.67936752758432
2,10,2,6.0,0.0,3.2771917394986274
2,10,2,6.0,0.07999999999999999,22.49381239348607
2,10,2,6.0,0.16,56.18260768429922
2,10,10,1.0,-0.16,397.84379624922025
2,10,10,1.0,-0.08,158.53432540623947
2,10,10,1.0,0.0,6.484546724512492
2,10,10,1.0,0.07999999999999999,131.38443765255315
2,10,10,1.0,0.16,133.8672458714461
2,10,10,2.25,-0.16,271.7134347521251
2,10,10,2.25,-0.08,113.12599347535807
2,10,10,2.25,0.0,14.568891250430827
2,10,10,2.25,0.07999999999999999,112.21276029146286
2,10,10,2.25,0.16,357.381438129663
2,10,10,3.5,-0.16,240.445400449587
2,10,10,3.5,-0.08,107.54262990219472
2,10,10,3.5,0.0,21.247908177901305
2,10,10,3.5,0.07999999999999999,115.1485112038638
2,10,10,3.5,0.16,274.5523792229287
2,10,10,4.75,-0.16,244.74265609245955
2,10,10,4.75,-0.08,108.85310459327847
2,10,10,4.75,0.0,23.513830301583884
2,10,10,4.75,0.07999999999999999,122.28132914495512
2,10,10,4.75,0.16,314.8399810030307
2,10,10,6.0,-0.16,263.56228273743596
2,10,10,6.0,-0.08,115.3763699388184
2,10,10,6.0,0.0,24.45177851686498
2,10,10,6.0,0.07999999999999999,127.4739887899307
2,10,10,6.0,0.16,330.57418989508795
2,10,20,1.0,-0.16,398.261404897162
2,10,20,1.0,-0.08,155.51885997814702
2,10,20,1.0,0.0,6.484852073934746
2,10,20,1.0,0.07999999999999999,199.4359898052776
2,10,20,1.0,0.16,152.77623745187293
2,10,20,2.25,-0.16,268.9049944563752
2,10,20,2.25,-0.08,112.46817179849933
2,10,20,2.25,0.0,14.586121992405872
2,10,20,2.25,0.07999999999999999,114.1863553543374
2,10,20,2.25,0.16,350.5166482684152
2,10,20,3.5,-0.16,238.4216609687643
2,10,20,3.5,-0.08,106.96269394850007
2,10,20,3.5,0.0,21.279127622306383
2,10,20,3.5,0.07999999999999999,115.66985983352227
2,10,20,3.5,0.16,283.0857659385303
2,10,20,4.75,-0.16,242.84772617487738
2,10,20,4.75,-0.08,108.34370071055919
2,10,20,4.75,0.0,23.52560198859151
2,10,20,4.75,0.07999999999999999,122.16987891390556
2,10,20,4.75,0.16,318.1019846376203
2,10,20,6.0,-0.16,261.75225557073156
2,10,20,6.0,-0.08,114.88872465731711
2,10,20,6.0,0.0,24.453754800614185
2,10,20,6.0,0.07999999999999999,127.20061002879649
2,10,20,6.0,0.16,331.4291353143297
2,15,2,1.0,-0.16,708.4694594187035
2,15,2,1.0,-0.08,257.87515853490777
2,15,2,1.0,0.0,2.922013610464322
2,15,2,1.0,0.07999999999999999,257.74590471448033
2,15,2,1.0,0.16,187.43839248883856
2,15,2,2.25,-0.16,319.4641229676426
2,15,2,2.25,-0.08,118.38653111897422
2,15,2,2.25,0.0,4.767308507121235
2,15,2,2.25,0.07999999999999999,118.11660532895475
2,15,2,2.25,0.16,318.15149428122044
2,15,2,3.5,-0.16,207.94749047738452
2,15,2,3.5,-0.08,78.08053028315675
2,15,2,3.5,0.0,4.774149149342477
2,15,2,3.5,0.07999999999999999,77.81021717485774
2,15,2,3.5,0.16,206.45186772367148
2,15,2,4.75,-0.16,154.28196684517192
2,15,2,4.75,-0.08,58.24771459575279
2,15,2,4.75,0.0,4.0625755844153035
2,15,2,4.75,0.07999999999999999,58.017690899469834
2,15,2,4.75,0.16,153.00926247568427
2,15,2,6.0,-0.16,122.47880411963894
2,15,2,6.0,-0.08,46.27249674695093
2,15,2,6.0,0.0,3.2771917394986274
2,15,2,6.0,0.07999999999999999,46.086941612852975
2,15,2,6.0,0.16,121.45214106812924
2,15,10,1.0,-0.16,883.3666896852545
2,15,10,1.0,-0.08,345.67717257481246
2,15,10,1.0,0.0,6.484546724520137
2,15,10,1.0,0.07999999999999999,288.03149417212643
2,15,10,1.0,0.16,290.8903895404761
2,15,10,2.25,-0.16,586.740395925178
2,15,10,2.25,-0.08,232.27659201214686
2,15,10,2.25,0.0,14.568891250429422
2,15,10,2.25,0.07999999999999999,240.49752870836778
2,15,10,2.25,0.16,794.4593995446342
2,15,10,3.5,-0.16,511.4145036594871
2,15,10,3.5,-0.08,213.67536253650314
2,15,10,3.5,0.0,21.24790817789889
2,15,10,3.5,0.07999999999999999,236.4687597396286
2,15,10,3.5,0.16,603.7011716322977
2,15,10,4.75,-0.16,518.5043995588823
2,15,10,4.75,-0.08,214.3767496683546
2,15,10,4.75,0.0,23.513830301584857
2,15,10,4.75,0.07999999999999999,246.5289612394968
2,15,10,4.75,0.16,682.97612868523
2,15,10,6.0,-0.16,559.0973910008112
2,15,10,6.0,-0.08,227.81024855846894
2,15,10,6.0,0.0,24.451778516865286
2,15,10,6.0,0.07999999999999999,256.02204878324636
2,15,10,6.0,0.16,713.5398572709281
2,15,20,1.0,-0.16,883.7820110638671
2,15,20,1.0,-0.08,338.7602259880844
2,15,20,1.0,0.0,6.484852073915732
2,15,20,1.0,0.07999999999999999,425.47427305451373
2,15,20,1.0,0.16,315.86686471337623
2,15,20,2.25,-0.16,580.7235524069121
2,15,20,2.25,-0.08,230.7653962726839
2,15,20,2.25,0.0,14.586121992406193
2,15,20,2.25,0.07999999999999999,245.44343988871705
2,15,20,2.25,0.16,787.5294279577557
2,15,20,3.5,-0.16,507.5665006724947
2,15,20,3.5,-0.08,212.53765420664615
2,15,20,3.5,0.0,21.27912762230803
2,15,20,3.5,0.07999999999999999,237.91363682328443
2,15,20,3.5,0.16,623.9098385751414
2,15,20,4.75,-0.16,515.3432955831612
2,15,20,4.75,-0.08,213.54837214571754
2,15,20,4.75,0.0,23.525601988591085
2,15,20,4.75,0.07999999999999999,246.61968785445683
2,15,20,4.75,0.16,691.1528892974361
2,15,20,6.0,-0.16,556.5117807132866
2,15,20,6.0,-0.08,227.18121420417546
2,15,20,6.0,0.0,24.453754800615435
2,15,20,6.0,0.07999999999999999,255.84057794557833
2,15,20,6.0,0.16,716.4857602055146
10,2,2,1.0,-0.16,40.044460912728795
10,2,2,1.0,-0.08,32.062625791001174
10,2,2,1.0,0.0,28.821950950365085
10,2,2,1.0,0.07999999999999999,27.708930998301298
10,2,2,1.0,0.16,16.299754488150313
10,2,2,2.25,-0.16,38.651377003946905
10,2,2,2.25,-0.08,31.559064527891938
10,2,2,2.25,0.0,28.821950950365075
10,2,2,2.25,0.07999999999999999,29.927160935216705
10,2,2,2.25,0.16,27.643998015061275
10,2,2,3.5,-0.16,40.37349168154028
10,2,2,3.5,-0.08,32.181561304146626
10,2,2,3.5,0.0,28.821950950365075
10,2,2,3.5,0.07999999999999999,30.54965771147158
10,2,2,3.5,0.16,31.34428787979587
10,2,2,4.75,-0.16,42.46194216035726
10,2,2,4.75,-0.08,32.936478329907594
10,2,2,4.75,0.0,28.821950950365075
10,2,2,4.75,0.07999999999999999,31.304574737232446
10,2,2,4.75,0.16,33.43273835861065
10,2,2,6.0,-0.16,43.82348231398463
10,2,2,6.0,-0.08,33.728270045646546
10,2,2,6.0,0.0,28.821950950365068
10,2,2,6.0,0.07999999999999999,32.09636645297138
10,2,2,6.0,0.16,25.639877963184134
10,2,10,1.0,-0.16,165.61787443967953
10,2,10,1.0,-0.08,132.35165196882573
10,2,10,1.0,0.0,47.42938586131284
10,2,10,1.0,0.07999999999999999,11.304986072689628
10,2,10,1.0,0.16,7.786654485697868
10,2,10,2.25,-0.16,159.19025223201535
10,2,10,2.25,-0.08,148.30610943236852
10,2,10,2.25,0.0,148.44578099560852
10,2,10,2.25,0.07999999999999999,77.95637539008538
10,2,10,2.25,0.16,8.95417142262604
10,2,10,3.5,-0.16,125.82039643122593
10,2,10,3.5,-0.08,111.74931022296299
10,2,10,3.5,0.0,104.042168551129
10,2,10,3.5,0.07999999999999999,106.95791905811018
10,2,10,3.5,0.16,47.60432891387381
10,2,10,4.75,-0.16,108.36355388109537
10,2,10,4.75,-0.08,94.07613461873935
10,2,10,4.75,0.0,85.38970496808948
10,2,10,4.75,0.07999999999999999,84.57707100840511
10,2,10,4.75,0.16,75.9035975206241
10,2,10,6.0,-0.16,98.50034410038015
10,2,10,6.0,-0.08,84.57601006070614
10,2,10,6.0,0.0,76.22410157040626
10,2,10,6.0,0.07999999999999999,75.65081907366725
10,2,10,6.0,0.16,62.979517544548806
10,2,20,1.0,-0.16,206.9913205253697
10,2,20,1.0,-0.08,229.00790296709923
10,2,20,1.0,0.0,90.19147039632968
10,2,20,1.0,0.07999999999999999,6.570311630305502
10,2,20,1.0,0.16,5.266801029898767
10,2,20,2.25,-0.16,323.0139012832887
10,2,20,2.25,-0.08,305.54738182750117
10,2,20,2.25,0.0,310.6906198744371
10,2,20,2.25,0.07999999999999999,104.50888626147531
10,2,20,2.25,0.16,5.048895610865637
10,2,20,3.5,-0.16,243.03298987141105
10,2,20,3.5,-0.08,217.54979592324113
10,2,20,3.5,0.0,203.96164227140642
10,2,20,3.5,0.07999999999999999,211.82250831365874
10,2,20,3.5,0.16,62.2583143606168
10,2,20,4.75,-0.16,198.03244416417613
10,2,20,4.75,-0.08,171.619432477013
10,2,20,4.75,0.0,154.70546939066455
10,2,20,4.75,0.07999999999999999,152.21877558143618
10,2,20,4.75,0.16,105.7955297067301
10,2,20,6.0,-0.16,169.6097214153068
10,2,20,6.0,-0.08,143.91191880997545
10,2,20,6.0,0.0,126.96150670574386
10,2,20,6.0,0.07999999999999999,122.51436670508193
10,2,20,6.0,0.16,91.87886380273821
10,10,2,1.0,-0.16,474.6031254984965
10,10,2,1.0,-0.08,356.800450418487
10,10,2,1.0,0.0,157.2828724915505
10,10,2,1.0,0.07999999999999999,324.6295797804413
10,10,2,1.0,0.16,520.0095874553857
10,10,2,2.25,-0.16,653.9767528080395
10,10,2,2.25,-0.08,477.01907251219205
10,10,2,2.25,0.0,317.9314215349827
10,10,2,2.25,0.07999999999999999,459.0177432503125
10,10,2,2.25,0.16,644.006828623788
10,10,2,3.5,-0.16,734.9757227155028
10,10,2,3.5,-0.08,587.9503999931546
10,10,2,3.5,0.0,427.0362189429559
10,10,2,3.5,0.07999999999999999,563.7715391972639
10,10,2,3.5,0.16,771.8645371152
10,10,2,4.75,-0.16,742.5873816758512
10,10,2,4.75,-0.08,678.6373788467049
10,10,2,4.75,0.0,496.0402432540789
10,10,2,4.75,0.07999999999999999,650.5514988703039
10,10,2,4.75,0.16,795.7955645418286
10,10,2,6.0,-0.16,722.9434804341113
10,10,2,6.0,-0.08,750.7643331415721
10,10,2,6.0,0.0,539.5795373619485
10,10,2,6.0,0.07999999999999999,720.2132511877056
10,10,2,6.0,0.16,761.9009738974794
10,10,10,1.0,-0.16,619.0841748382679
10,10,10,1.0,-0.08,370.2154695193821
10,10,10,1.0,0.0,162.113668112821
10,10,10,1.0,0.07999999999999999,378.75441049405345
10,10,10,1.0,0.16,662.2441579392258
10,10,10,2.25,-0.16,744.3182142804967
10,10,10,2.25,-0.08,540.4583449776712
10,10,10,2.25,0.0,364.2222812607706
10,10,10,2.25,0.07999999999999999,342.25145368188134
10,10,10,2.25,0.16,470.88855064813526
10,10,10,3.5,-0.16,808.5282296096608
10,10,10,3.5,-0.08,650.817280976182
10,10,10,3.5,0.0,531.1977044475218
10,10,10,3.5,0.07999999999999999,549.364008209868
10,10,10,3.5,0.16,544.1526663128649
10,10,10,4.75,-0.16,862.3409277561367
10,10,10,4.75,-0.08,695.2736293905474
10,10,10,4.75,0.0,587.8457575396079
10,10,10,4.75,0.07999999999999999,671.478692408658
10,10,10,4.75,0.16,802.7854895773712
10,10,10,6.0,-0.16,914.7829897789785
10,10,10,6.0,-0.08,725.6787789731563
10,10,10,6.0,0.0,611.2944629216261
10,10,10,6.0,0.07999999999999999,718.7269678765645
10,10,10,6.0,0.16,911.4139337610205
10,10,20,1.0,-0.16,631.9109849701936
10,10,20,1.0,-0.08,369.7372720627415
10,10,20,1.0,0.0,162.12130184818145
10,10,20,1.0,0.07999999999999999,298.27859596814596
10,10,20,1.0,0.16,688.0658928761211
10,10,20,2.25,-0.16,735.708548758827
10,10,20,2.25,-0.08,540.3975850579392
10,10,20,2.25,0.0,364.6530498101274
10,10,20,2.25,0.07999999999999999,334.52286079832953
10,10,20,2.25,0.16,357.3626910570885
10,10,20,3.5,-0.16,792.9606019073976
10,10,20,3.5,-0.08,647.0281117560158
10,10,20,3.5,0.0,531.9781905576615
10,10,20,3.5,0.07999999999999999,544.665977634667
10,10,20,3.5,0.16,533.3219538407573
10,10,20,4.75,-0.16,839.2782217328554
10,10,20,4.75,-0.08,688.6628262087597
10,10,20,4.75,0.0,588.1400497147853
10,10,20,4.75,0.07999999999999999,664.8106411890155
10,10,20,4.75,0.16,789.9722464718833
10,10,20,6.0,-0.16,884.4235065312871
10,10,20,6.0,-0.08,716.20231713337
10,10,20,6.0,0.0,611.3438700153895
10,10,20,6.0,0.07999999999999999,710.1278667177423
10,10,20,6.0,0.16,892.6411849477382
10,15,2,1.0,-0.16,962.4994876645692
10,15,2,1.0,-0.08,633.7516223206147
10,15,2,1.0,0.0,157.28287249155198
10,15,2,1.0,0.07999999999999999,571.9673927447487
10,15,2,1.0,0.16,959.8481733502827
10,15,2,2.25,-0.16,1172.9182014257312
10,15,2,2.25,-0.08,644.8509544493115
10,15,2,2.25,0.0,317.9314215349831
10,15,2,2.25,0.07999999999999999,626.8496251874298
10,15,2,2.25,0.16,1083.6097808917038
10,15,2,3.5,-0.16,1298.5348837760673
10,15,2,3.5,-0.08,732.660043002947
10,15,2,3.5,0.0,427.03621894295554
10,15,2,3.5,0.07999999999999999,708.4811822070725
10,15,2,3.5,0.16,1172.198498226053
10,15,2,4.75,-0.16,1331.863255810695
10,15,2,4.75,-0.08,824.1895325866423
10,15,2,4.75,0.0,496.04024325407937
10,15,2,4.75,0.07999999999999999,796.1036526102458
10,15,2,4.75,0.16,1279.6169232799577
10,15,2,6.0,-0.16,1320.3334077020436
10,15,2,6.0,-0.08,906.1457787332074
10,15,2,6.0,0.0,539.5795373619486
10,15,2,6.0,0.07999999999999999,875.5946967793433
10,15,2,6.0,0.16,1264.8370754071718
10,15,10,1.0,-0.16,1107.505526920651
10,15,10,1.0,-0.08,557.358316687952
10,15,10,1.0,0.0,162.11366811281607
10,15,10,1.0,0.07999999999999999,610.8002687350062
10,15,10,1.0,0.16,991.3324929238382
10,15,10,2.25,-0.16,1059.3451754535515
10,15,10,2.25,-0.08,659.6089435144582
10,15,10,2.25,0.0,364.2222812607684
10,15,10,2.25,0.07999999999999999,470.5362220987765
10,15,10,2.25,0.16,941.8851967678265
10,15,10,3.5,-0.16,1079.497332819561
10,15,10,3.5,-0.08,756.9500136104907
10,15,10,3.5,0.0,531.197704447519
10,15,10,3.5,0.07999999999999999,670.6842567456296
10,15,10,3.5,0.16,873.3014587222616
10,15,10,4.75,-0.16,1136.1026712225614
10,15,10,4.75,-0.08,800.7972744656222
10,15,10,4.75,0.0,587.8457575396055
10,15,10,4.75,0.07999999999999999,795.7263245032004
10,15,10,4.75,0.16,1170.9216372595754
10,15,10,6.0,-0.16,1210.3180980423544
10,15,10,6.0,-0.08,838.112657592807
10,15,10,6.0,0.0,611.2944629216319
10,15,10,6.0,0.07999999999999999,847.2750278698761
10,15,10,6.0,0.16,1294.3796011368624
10,15,20,1.0,-0.16,1118.9709137434927
10,15,20,1.0,-0.08,552.9786380726766
10,15,20,1.0,0.0,162.1213018481702
10,15,20,1.0,0.07999999999999999,592.8768359958996
10,15,20,1.0,0.16,851.1565201376209
10,15,20,2.25,-0.16,1047.5271067093581
10,15,20,2.25,-0.08,658.6948095321272
10,15,20,2.25,0.0,364.6530498101303
10,15,20,2.25,0.07999999999999999,465.7799453327178
10,15,20,2.25,0.16,799.2594821171652
10,15,20,3.5,-0.16,1062.10544161113
10,15,20,3.5,-0.08,752.6030720141646
10,15,20,3.5,0.0,531.9781905576571
10,15,20,3.5,0.07999999999999999,666.9097546244358
10,15,20,3.5,0.16,874.1460264773596
10,15,20,4.75,-0.16,1111.7737911411418
10,15,20,4.75,-0.08,793.8674976439124
10,15,20,4.75,0.0,588.1400497147863
10,15,20,4.75,0.07999999999999999,789.2604501295629
10,15,20,4.75,0.16,1163.0231511316858
10,15,20,6.0,-0.16,1179.1830316738403
10,15,20,6.0,-0.08,828.494806680205
10,15,20,6.0,0.0,611.3438700153919
10,15,20,6.0,0.07999999999999999,838.7678346345241
10,15,20,6.0,0.16,1277.6978098389168
15,2,2,1.0,-0.16,37.297576638305586
15,2,2,1.0,-0.08,31.069703177995773
15,2,2,1.0,0.0,28.821950950365075
15,2,2,1.0,0.07999999999999999,26.81530064659642
15,2,2,1.0,0.16,22.84284570246007
15,2,2,2.25,-0.16,37.903092378519624
15,2,2,2.25,-0.08,31.288580353342198
15,2,2,2.25,0.0,28.821950950365075
15,2,2,2.25,0.07999999999999999,29.656676760666976
15,2,2,2.25,0.16,26.970541852176716
15,2,2,3.5,-0.16,39.89314082378821
15,2,2,3.5,-0.08,32.00792776840592
15,2,2,3.5,0.0,28.821950950365068
15,2,2,3.5,0.07999999999999999,30.37602417573086
15,2,2,3.5,0.16,30.86393702204372
15,2,2,4.75,-0.16,42.046005180714
15,2,2,4.75,-0.08,32.78612862769465
15,2,2,4.75,0.0,28.821950950365075
15,2,2,4.75,0.07999999999999999,31.154225035019493
15,2,2,4.75,0.16,33.01680137896739
15,2,2,6.0,-0.16,44.244208421139795
15,2,2,6.0,-0.08,33.580718238084714
15,2,2,6.0,0.0,28.821950950365068
15,2,2,6.0,0.07999999999999999,31.948814645409538
15,2,2,6.0,0.16,26.964425436687247
15,2,10,1.0,-0.16,210.0450203411883
15,2,10,1.0,-0.08,130.4074942453851
15,2,10,1.0,0.0,47.429385861312355
15,2,10,1.0,0.07999999999999999,11.104054027517313
15,2,10,1.0,0.16,8.098008530372908
15,2,10,2.25,-0.16,157.4156072696812
15,2,10,2.25,-0.08,147.60637361493988
15,2,10,2.25,0.0,148.44578099560877
15,2,10,2.25,0.07999999999999999,77.22692217618676
15,2,10,2.25,0.16,9.089040202271878
15,2,10,3.5,-0.16,124.81093371519844
15,2,10,3.5,-0.08,111.37894953195723
15,2,10,3.5,0.0,104.04216855112851
15,2,10,3.5,0.07999999999999999,106.45223659375118
15,2,10,3.5,0.16,57.96987471252103
15,2,10,4.75,-0.16,107.55478457754607
15,2,10,4.75,-0.08,93.78880879597023
15,2,10,4.75,0.0,85.38970496808905
15,2,10,4.75,0.07999999999999999,84.25276638119283
15,2,10,4.75,0.16,87.08048842532018
15,2,10,6.0,-0.16,97.74793414002399
15,2,10,6.0,-0.08,84.31158837228179
15,2,10,6.0,0.0,76.22410157040551
15,2,10,6.0,0.07999999999999999,75.37197366142243
15,2,10,6.0,0.16,72.58435950543223
15,2,20,1.0,-0.16,352.5282399753395
15,2,20,1.0,-0.08,263.94784680918843
15,2,20,1.0,0.0,90.1914703963324
15,2,20,1.0,0.07999999999999999,6.618956575323609
15,2,20,1.0,0.16,5.311310735772654
15,2,20,2.25,-0.16,319.40549052367635
15,2,20,2.25,-0.08,304.11797083522004
15,2,20,2.25,0.0,310.6906198744395
15,2,20,2.25,0.07999999999999999,146.7260967682733
15,2,20,2.25,0.16,5.050363982885028
15,2,20,3.5,-0.16,241.04945221924726
15,2,20,3.5,-0.08,216.82832028810373
15,2,20,3.5,0.0,203.96164227140682
15,2,20,3.5,0.07999999999999999,210.80131245641104
15,2,20,3.5,0.16,84.98456498631161
15,2,20,4.75,-0.16,196.50968368465203
15,2,20,4.75,-0.08,171.09138695405724
15,2,20,4.75,0.0,154.70546939066736
15,2,20,4.75,0.07999999999999999,151.62714622023051
15,2,20,4.75,0.16,145.9528660952463
15,2,20,6.0,-0.16,168.25908528701277
15,2,20,6.0,-0.08,143.45587054138358
15,2,20,6.0,0.0,126.96150670574876
15,2,20,6.0,0.07999999999999999,122.05605281188959
15,2,20,6.0,0.16,115.73689223004028
15,10,2,1.0,-0.16,571.2898552996396
15,10,2,1.0,-0.08,516.5983907316567
15,10,2,1.0,0.0,353.8864631059876
15,10,2,1.0,0.07999999999999999,481.9460819333954
15,10,2,1.0,0.16,719.269351258109
15,10,2,2.25,-0.16,865.8438822928013
15,10,2,2.25,-0.08,905.4610312153137
15,10,2,2.25,0.0,715.3456984537114
15,10,2,2.25,0.07999999999999999,864.9580403760834
15,10,2,2.25,0.16,997.5225044890046
15,10,2,3.5,-0.16,940.0506148523712
15,10,2,3.5,-0.08,883.5422913656894
15,10,2,3.5,0.0,720.5487737591269
15,10,2,3.5,0.07999999999999999,842.7447015488221
15,10,2,3.5,0.16,1002.1668372721282
15,10,2,4.75,-0.16,916.2239914733824
15,10,2,4.75,-0.08,891.8210727545809
15,10,2,4.75,0.0,720.5487737591269
15,10,2,4.75,0.07999999999999999,851.0234829377038
15,10,2,4.75,0.16,1025.069784702946
15,10,2,6.0,-0.16,869.7145288453266
15,10,2,6.0,-0.08,910.3428235818006
15,10,2,6.0,0.0,720.5487737591269
15,10,2,6.0,0.07999999999999999,869.5452337649224
15,10,2,6.0,0.16,1057.589337951585
15,10,10,1.0,-0.16,893.3011648825706
15,10,10,1.0,-0.08,645.8419592500379
15,10,10,1.0,0.0,364.7557532538469
15,10,10,1.0,0.07999999999999999,374.0487323706735
15,10,10,1.0,0.16,742.7312940814121
15,10,10,2.25,-0.16,1359.6890209580636
15,10,10,2.25,-0.08,1096.8806776629774
15,10,10,2.25,0.0,819.5001328367322
15,10,10,2.25,0.07999999999999999,641.7810023673178
15,10,10,2.25,0.16,520.5551279204295
15,10,10,3.5,-0.16,1548.2194134118447
15,10,10,3.5,-0.08,1358.206149562099
15,10,10,3.5,0.0,1195.194835006923
15,10,10,3.5,0.07999999999999999,1114.7487699364278
15,10,10,3.5,0.16,895.1947067945524
15,10,10,4.75,-0.16,1666.5053439848816
15,10,10,4.75,-0.08,1458.8420210536653
15,10,10,4.75,0.0,1322.652954464119
15,10,10,4.75,0.07999999999999999,1386.579425824943
15,10,10,4.75,0.16,1438.1312038668748
15,10,10,6.0,-0.16,1762.7266187393184
15,10,10,6.0,-0.08,1520.3433740699518
15,10,10,6.0,0.0,1375.41254157366
15,10,10,6.0,0.07999999999999999,1488.5876177289476
15,10,10,6.0,0.16,1507.3825183787433
15,10,20,1.0,-0.16,928.633499269795
15,10,20,1.0,-0.08,648.667496131211
15,10,20,1.0,0.0,364.77292915840127
15,10,20,1.0,0.07999999999999999,310.002113105604
15,10,20,1.0,0.16,633.955508803126
15,10,20,2.25,-0.16,1343.5256767568305
15,10,20,2.25,-0.08,1097.5973419061716
15,10,20,2.25,0.0,820.4693620727929
15,10,20,2.25,0.07999999999999999,621.4193522618693
15,10,20,2.25,0.16,358.9349551454045
15,10,20,3.5,-0.16,1515.0165145878914
15,10,20,3.5,-0.08,1350.2382911928773
15,10,20,3.5,0.0,1196.9509287547412
15,10,20,3.5,0.07999999999999999,1103.2546726882347
15,10,20,3.5,0.16,859.1503235051111
15,10,20,4.75,-0.16,1615.8804294906672
15,10,20,4.75,-0.08,1444.2866875345262
15,10,20,4.75,0.0,1323.315111858257
15,10,20,4.75,0.07999999999999999,1371.3741337347174
15,10,20,4.75,0.16,1404.3866499019027
15,10,20,6.0,-0.16,1695.1933645528684
15,10,20,6.0,-0.08,1499.162724003234
15,10,20,6.0,0.0,1375.5237075346336
15,10,20,6.0,0.07999999999999999,1469.1477321981542
15,10,20,6.0,0.16,1612.7503119738947
15,15,2,1.0,-0.16,1067.8570323716176
15,15,2,1.0,-0.08,802.8010134415974
15,15,2,1.0,0.0,353.88646310598904
15,15,2,1.0,0.07999999999999999,730.4165545059859
15,15,2,1.0,0.16,1170.021571774617
15,15,2,2.25,-0.16,1471.4476938180894
15,15,2,2.25,-0.08,1073.2929131524324
15,15,2,2.25,0.0,715.3456984537114
15,15,2,2.25,0.07999999999999999,1032.7899223132024
15,15,2,2.25,0.16,1449.0153644035267
15,15,2,3.5,-0.16,1653.6953761098812
15,15,2,3.5,-0.08,1322.8883999845987
15,15,2,3.5,0.0,960.8314926216505
15,15,2,3.5,0.07999999999999999,1268.4859631938427
15,15,2,3.5,0.16,1736.6952085092037
15,15,2,4.75,-0.16,1670.821608770665
15,15,2,4.75,-0.08,1526.9341024050857
15,15,2,4.75,0.0,1116.0905473216785
15,15,2,4.75,0.07999999999999999,1463.7408724581835
15,15,2,4.75,0.16,1790.5400202191145
15,15,2,6.0,-0.16,1626.6228309767505
15,15,2,6.0,-0.08,1689.2197495685368
15,15,2,6.0,0.0,1214.0539590643841
15,15,2,6.0,0.07999999999999999,1620.4798151723376
15,15,2,6.0,0.16,1714.2771912693288
15,15,10,1.0,-0.16,1392.9393933861015
15,15,10,1.0,-0.08,832.984806418601
15,15,10,1.0,0.0,364.75575325384375
15,15,10,1.0,0.07999999999999999,852.1974236116529
15,15,10,1.0,0.16,1490.049355363257
15,15,10,2.25,-0.16,1674.7159821311188
15,15,10,2.25,-0.08,1216.0312761997664
15,15,10,2.25,0.0,819.5001328367327
15,15,10,2.25,0.07999999999999999,770.0657707842163
15,15,10,2.25,0.16,1059.499238958323
15,15,10,3.5,-0.16,1819.1885166217462
15,15,10,3.5,-0.08,1464.3388821964109
15,15,10,3.5,0.0,1195.1948350069201
15,15,10,3.5,0.07999999999999999,1236.0690184721918
15,15,10,3.5,0.16,1224.3434992039474
15,15,10,4.75,-0.16,1940.2670874513058
15,15,10,4.75,-0.08,1564.3656661287314
15,15,10,4.75,0.0,1322.6529544641203
15,15,10,4.75,0.07999999999999999,1510.8270579194761
15,15,10,4.75,0.16,1806.2673515490833
15,15,10,6.0,-0.16,2058.2617270026935
15,15,10,6.0,-0.08,1632.777252689602
15,15,10,6.0,0.0,1375.4125415736582
15,15,10,6.0,0.07999999999999999,1617.1356777222634
15,15,10,6.0,0.16,2050.681350962305
15,15,20,1.0,-0.16,1421.7997161829435
15,15,20,1.0,-0.08,831.9088621411463
15,15,20,1.0,0.0,364.77292915839627
15,15,20,1.0,0.07999999999999999,671.1268409285107
15,15,20,1.0,0.16,1548.1482589712703
15,15,20,2.25,-0.16,1655.3442347073699
15,15,20,2.25,-0.08,1215.8945663803675
15,15,20,2.25,0.0,820.4693620727971
15,15,20,2.25,0.07999999999999999,752.676436796254
15,15,20,2.25,0.16,804.0660548784613
15,15,20,3.5,-0.16,1784.1613542916425
15,15,20,3.5,-0.08,1455.8132514510064
15,15,20,3.5,0.0,1196.9509287547282
15,15,20,3.5,0.07999999999999999,1225.4984496779891
15,15,20,3.5,0.16,1199.9743961417191
15,15,20,4.75,-0.16,1888.3759988989184
15,15,20,4.75,-0.08,1549.491358969694
15,15,20,4.75,0.0,1323.3151118582764
15,15,20,4.75,0.07999999999999999,1495.8239426752575
15,15,20,4.75,0.16,1777.4375545617172
15,15,20,6.0,-0.16,1989.9528896953907
15,15,20,6.0,-0.08,1611.4552135500612
15,15,20,6.0,0.0,1375.5237075346233
15,15,20,6.0,0.07999999999999999,1597.7877001149166
15,15,20,6.0,0.16,2008.4426661323955
